Timestamp,User Count,Type,Name,Requests/s,Failures/s,50%,66%,75%,80%,90%,95%,98%,99%,99.9%,99.99%,100%,Total Request Count,Total Failure Count,Total Median Response Time,Total Average Response Time,Total Min Response Time,Total Max Response Time,Total Average Content Size
1768509038,0,,Aggregated,0.000000,0.000000,N/A,N/A,N/A,N/A,N/A,N/A,N/A,N/A,N/A,N/A,N/A,0,0,0,0.0,0,0,0
1768509039,5,GET,/numerical_integral/0.0/3.14159/1000,0.000000,0.000000,0,0,0,0,0,0,0,0,0,0,0,5,0,66,67.21838004887104,62.63019982725382,75.95079997554421,8.0
1768509039,5,,Aggregated,0.000000,0.000000,0,0,0,0,0,0,0,0,0,0,0,5,0,66,67.21838004887104,62.63019982725382,75.95079997554421,8.0
1768509040,10,GET,/numerical_integral/0.0/3.14159/1000,0.000000,0.000000,63,64,64,64,64,64,64,64,64,64,64,13,0,64,57.6650770022892,30.702699907124043,75.95079997554421,8.0
1768509040,10,,Aggregated,0.000000,0.000000,63,64,64,64,64,64,64,64,64,64,64,13,0,64,57.6650770022892,30.702699907124043,75.95079997554421,8.0
1768509041,15,GET,/numerical_integral/0.0/3.14159/1000,5.000000,0.000000,62,64,64,64,78,80,80,80,80,80,80,22,0,63,55.5481637023728,30.702699907124043,80.17619978636503,8.0
1768509041,15,,Aggregated,5.000000,0.000000,62,64,64,64,78,80,80,80,80,80,80,22,0,63,55.5481637023728,30.702699907124043,80.17619978636503,8.0
1768509042,20,GET,/numerical_integral/0.0/3.14159/1000,5.000000,0.000000,37,64,64,65,68,78,80,80,80,80,80,36,0,62,51.63332785014063,30.702699907124043,80.17619978636503,8.0
1768509042,20,,Aggregated,5.000000,0.000000,37,64,64,65,68,78,80,80,80,80,80,36,0,62,51.63332785014063,30.702699907124043,80.17619978636503,8.0
1768509043,20,GET,/numerical_integral/0.0/3.14159/1000,6.000000,0.000000,37,61,64,64,66,71,80,80,80,80,80,47,0,37,47.6239830394216,30.64819984138012,80.17619978636503,8.0
1768509043,20,,Aggregated,6.000000,0.000000,37,61,64,64,66,71,80,80,80,80,80,47,0,37,47.6239830394216,30.64819984138012,80.17619978636503,8.0
1768509044,20,GET,/numerical_integral/0.0/3.14159/1000,7.250000,0.000000,34,39,62,64,66,71,78,80,80,80,80,59,0,35,44.55968309825255,29.52420013025403,80.17619978636503,8.0
1768509044,20,,Aggregated,7.250000,0.000000,34,39,62,64,66,71,78,80,80,80,80,59,0,35,44.55968309825255,29.52420013025403,80.17619978636503,8.0
1768509045,20,GET,/numerical_integral/0.0/3.14159/1000,8.400000,0.000000,32,37,43,62,65,68,78,80,80,80,80,66,0,33,43.111234868058204,29.52420013025403,80.17619978636503,8.0
1768509045,20,,Aggregated,8.400000,0.000000,32,37,43,62,65,68,78,80,80,80,80,66,0,33,43.111234868058204,29.52420013025403,80.17619978636503,8.0
1768509046,20,GET,/numerical_integral/0.0/3.14159/1000,9.666667,0.000000,32,35,39,61,64,68,78,80,80,80,80,77,0,32,41.54367144401004,29.52420013025403,80.17619978636503,8.0
1768509046,20,,Aggregated,9.666667,0.000000,32,35,39,61,64,68,78,80,80,80,80,77,0,32,41.54367144401004,29.52420013025403,80.17619978636503,8.0
1768509047,20,GET,/numerical_integral/0.0/3.14159/1000,8.714286,0.000000,32,35,38,39,64,66,78,80,80,80,80,86,0,32,40.63001279935761,29.52420013025403,80.17619978636503,8.0
1768509047,20,,Aggregated,8.714286,0.000000,32,35,38,39,64,66,78,80,80,80,80,86,0,32,40.63001279935761,29.52420013025403,80.17619978636503,8.0
1768509048,20,GET,/numerical_integral/0.0/3.14159/1000,9.000000,0.000000,32,33,37,39,64,66,78,80,80,80,80,98,0,32,39.511978573983114,29.52420013025403,80.17619978636503,8.0
1768509048,20,,Aggregated,9.000000,0.000000,32,33,37,39,64,66,78,80,80,80,80,98,0,32,39.511978573983114,29.52420013025403,80.17619978636503,8.0
1768509049,20,GET,/numerical_integral/0.0/3.14159/1000,8.888889,0.000000,32,32,35,37,61,66,78,80,80,80,80,102,0,32,39.210553924717445,29.52420013025403,80.17619978636503,8.0
1768509049,20,,Aggregated,8.888889,0.000000,32,32,35,37,61,66,78,80,80,80,80,102,0,32,39.210553924717445,29.52420013025403,80.17619978636503,8.0
1768509050,20,GET,/numerical_integral/0.0/3.14159/1000,9.200000,0.000000,32,32,33,35,39,65,68,71,71,71,71,115,0,32,38.51341912927835,29.52420013025403,80.17619978636503,8.0
1768509050,20,,Aggregated,9.200000,0.000000,32,32,33,35,39,65,68,71,71,71,71,115,0,32,38.51341912927835,29.52420013025403,80.17619978636503,8.0
1768509051,20,GET,/numerical_integral/0.0/3.14159/1000,9.500000,0.000000,32,32,33,33,35,39,43,50,50,50,50,121,0,32,38.19523388442914,29.52420013025403,80.17619978636503,8.0
1768509051,20,,Aggregated,9.500000,0.000000,32,32,33,33,35,39,43,50,50,50,50,121,0,32,38.19523388442914,29.52420013025403,80.17619978636503,8.0
1768509052,20,GET,/numerical_integral/0.0/3.14159/1000,9.800000,0.000000,32,32,33,33,35,39,43,50,50,50,50,131,0,32,37.82316259968713,29.52420013025403,80.17619978636503,8.0
1768509052,20,,Aggregated,9.800000,0.000000,32,32,33,33,35,39,43,50,50,50,50,131,0,32,37.82316259968713,29.52420013025403,80.17619978636503,8.0
1768509053,20,GET,/numerical_integral/0.0/3.14159/1000,10.000000,0.000000,32,32,32,33,33,38,42,50,50,50,50,143,0,32,37.32645664025437,29.52420013025403,80.17619978636503,8.0
1768509053,20,,Aggregated,10.000000,0.000000,32,32,32,33,33,38,42,50,50,50,50,143,0,32,37.32645664025437,29.52420013025403,80.17619978636503,8.0
1768509054,20,GET,/numerical_integral/0.0/3.14159/1000,9.600000,0.000000,32,32,32,33,33,38,42,50,50,50,50,153,0,32,36.959822213557224,29.52420013025403,80.17619978636503,8.0
1768509054,20,,Aggregated,9.600000,0.000000,32,32,32,33,33,38,42,50,50,50,50,153,0,32,36.959822213557224,29.52420013025403,80.17619978636503,8.0
1768509055,20,GET,/numerical_integral/0.0/3.14159/1000,9.500000,0.000000,32,32,32,33,35,42,63,64,64,64,64,161,0,32,37.24411427859009,29.505999758839607,80.17619978636503,8.0
1768509055,20,,Aggregated,9.500000,0.000000,32,32,32,33,35,42,63,64,64,64,64,161,0,32,37.24411427859009,29.505999758839607,80.17619978636503,8.0
1768509056,20,GET,/numerical_integral/0.0/3.14159/1000,8.800000,0.000000,32,32,33,33,42,63,67,72,72,72,72,173,0,32,37.65712080071169,29.392399825155735,80.17619978636503,8.0
1768509056,20,,Aggregated,8.800000,0.000000,32,32,33,33,42,63,67,72,72,72,72,173,0,32,37.65712080071169,29.392399825155735,80.17619978636503,8.0
1768509057,20,GET,/numerical_integral/0.0/3.14159/1000,9.400000,0.000000,32,32,33,33,52,64,71,72,72,72,72,178,0,32,37.96426403555977,29.392399825155735,80.17619978636503,8.0
1768509057,20,,Aggregated,9.400000,0.000000,32,32,33,33,52,64,71,72,72,72,72,178,0,32,37.96426403555977,29.392399825155735,80.17619978636503,8.0
1768509058,20,GET,/numerical_integral/0.0/3.14159/1000,9.100000,0.000000,32,33,35,46,64,70,120,140,140,140,140,185,0,32,39.484663773328066,29.392399825155735,144.38389986753464,8.0
1768509058,20,,Aggregated,9.100000,0.000000,32,33,35,46,64,70,120,140,140,140,140,185,0,32,39.484663773328066,29.392399825155735,144.38389986753464,8.0
1768509059,20,GET,/numerical_integral/0.0/3.14159/1000,9.600000,0.000000,32,37,52,63,71,130,140,140,140,140,140,200,0,32,42.21228449605405,29.389800038188696,144.38389986753464,8.0
1768509059,20,,Aggregated,9.600000,0.000000,32,37,52,63,71,130,140,140,140,140,140,200,0,32,42.21228449605405,29.389800038188696,144.38389986753464,8.0
1768509060,20,GET,/numerical_integral/0.0/3.14159/1000,8.800000,0.000000,33,42,63,67,98,140,140,150,150,150,150,210,0,32,43.66993523158488,29.389800038188696,150.63959965482354,8.0
1768509060,20,,Aggregated,8.800000,0.000000,33,42,63,67,98,140,140,150,150,150,150,210,0,32,43.66993523158488,29.389800038188696,150.63959965482354,8.0
1768509061,20,GET,/numerical_integral/0.0/3.14159/1000,9.400000,0.000000,33,46,65,70,120,140,140,150,150,150,150,221,0,32,44.03840089891089,29.389800038188696,150.63959965482354,8.0
1768509061,20,,Aggregated,9.400000,0.000000,33,46,65,70,120,140,140,150,150,150,150,221,0,32,44.03840089891089,29.389800038188696,150.63959965482354,8.0
1768509062,20,GET,/numerical_integral/0.0/3.14159/1000,9.400000,0.000000,32,50,66,70,120,140,140,150,150,150,150,229,0,32,43.582757638043454,29.389800038188696,150.63959965482354,8.0
1768509062,20,,Aggregated,9.400000,0.000000,32,50,66,70,120,140,140,150,150,150,150,229,0,32,43.582757638043454,29.389800038188696,150.63959965482354,8.0
1768509063,20,GET,/numerical_integral/0.0/3.14159/1000,9.500000,0.000000,32,46,65,70,120,140,140,150,150,150,150,241,0,32,43.04101078527597,29.389800038188696,150.63959965482354,8.0
1768509063,20,,Aggregated,9.500000,0.000000,32,46,65,70,120,140,140,150,150,150,150,241,0,32,43.04101078527597,29.389800038188696,150.63959965482354,8.0
1768509064,20,GET,/numerical_integral/0.0/3.14159/1000,9.800000,0.000000,33,46,65,70,120,140,140,150,150,150,150,248,0,32,42.735475806459306,29.389800038188696,150.63959965482354,8.0
1768509064,20,,Aggregated,9.800000,0.000000,33,46,65,70,120,140,140,150,150,150,150,248,0,32,42.735475806459306,29.389800038188696,150.63959965482354,8.0
1768509065,20,GET,/numerical_integral/0.0/3.14159/1000,9.300000,0.000000,33,40,61,70,120,140,140,150,150,150,150,257,0,32,42.358203890737045,29.389800038188696,150.63959965482354,8.0
1768509065,20,,Aggregated,9.300000,0.000000,33,40,61,70,120,140,140,150,150,150,150,257,0,32,42.358203890737045,29.389800038188696,150.63959965482354,8.0
1768509066,20,GET,/numerical_integral/0.0/3.14159/1000,10.000000,0.000000,32,35,50,70,120,140,140,150,150,150,150,271,0,32,41.83203247599166,29.389800038188696,150.63959965482354,8.0
1768509066,20,,Aggregated,10.000000,0.000000,32,35,50,70,120,140,140,150,150,150,150,271,0,32,41.83203247599166,29.389800038188696,150.63959965482354,8.0
1768509067,20,GET,/numerical_integral/0.0/3.14159/1000,9.600000,0.000000,32,34,39,54,98,140,140,150,150,150,150,277,0,32,41.64138845157967,29.389800038188696,150.63959965482354,8.0
1768509067,20,,Aggregated,9.600000,0.000000,32,34,39,54,98,140,140,150,150,150,150,277,0,32,41.64138845157967,29.389800038188696,150.63959965482354,8.0
1768509068,20,GET,/numerical_integral/0.0/3.14159/1000,9.600000,0.000000,32,33,34,35,79,130,140,150,150,150,150,290,0,32,41.210024831174266,29.389800038188696,150.63959965482354,8.0
1768509068,20,,Aggregated,9.600000,0.000000,32,33,34,35,79,130,140,150,150,150,150,290,0,32,41.210024831174266,29.389800038188696,150.63959965482354,8.0
1768509069,20,GET,/numerical_integral/0.0/3.14159/1000,9.600000,0.000000,32,32,33,34,38,80,140,150,150,150,150,300,0,32,40.90662733806918,29.389800038188696,150.63959965482354,8.0
1768509069,20,,Aggregated,9.600000,0.000000,32,32,33,34,38,80,140,150,150,150,150,300,0,32,40.90662733806918,29.389800038188696,150.63959965482354,8.0
1768509070,20,GET,/numerical_integral/0.0/3.14159/1000,10.000000,0.000000,32,32,33,33,34,38,80,97,97,97,97,306,0,32,40.71146765042072,29.389800038188696,150.63959965482354,8.0
1768509070,20,,Aggregated,10.000000,0.000000,32,32,33,33,34,38,80,97,97,97,97,306,0,32,40.71146765042072,29.389800038188696,150.63959965482354,8.0
1768509071,20,GET,/numerical_integral/0.0/3.14159/1000,9.900000,0.000000,32,32,33,33,34,35,39,41,41,41,41,318,0,32,40.38434119824812,29.389800038188696,150.63959965482354,8.0
1768509071,20,,Aggregated,9.900000,0.000000,32,32,33,33,34,35,39,41,41,41,41,318,0,32,40.38434119824812,29.389800038188696,150.63959965482354,8.0
1768509072,20,GET,/numerical_integral/0.0/3.14159/1000,10.000000,0.000000,32,32,33,33,34,35,39,41,41,41,41,326,0,32,40.15464110705613,29.026399832218885,150.63959965482354,8.0
1768509072,20,,Aggregated,10.000000,0.000000,32,32,33,33,34,35,39,41,41,41,41,326,0,32,40.15464110705613,29.026399832218885,150.63959965482354,8.0
1768509073,20,GET,/numerical_integral/0.0/3.14159/1000,9.800000,0.000000,31,32,32,33,34,38,39,41,41,41,41,338,0,32,39.876857400491566,29.026399832218885,150.63959965482354,8.0
1768509073,20,,Aggregated,9.800000,0.000000,31,32,32,33,34,38,39,41,41,41,41,338,0,32,39.876857400491566,29.026399832218885,150.63959965482354,8.0
1768509074,20,GET,/numerical_integral/0.0/3.14159/1000,9.900000,0.000000,31,32,32,33,34,38,41,41,41,41,41,345,0,32,39.71385304694591,28.118399903178215,150.63959965482354,8.0
1768509074,20,,Aggregated,9.900000,0.000000,31,32,32,33,34,38,41,41,41,41,41,345,0,32,39.71385304694591,28.118399903178215,150.63959965482354,8.0
1768509075,20,GET,/numerical_integral/0.0/3.14159/1000,9.800000,0.000000,31,32,32,32,34,38,41,41,41,41,41,356,0,32,39.45760562194491,28.118399903178215,150.63959965482354,8.0
1768509075,20,,Aggregated,9.800000,0.000000,31,32,32,32,34,38,41,41,41,41,41,356,0,32,39.45760562194491,28.118399903178215,150.63959965482354,8.0
1768509076,20,GET,/numerical_integral/0.0/3.14159/1000,9.400000,0.000000,31,32,32,33,34,38,41,41,41,41,41,363,0,32,39.31082617337546,28.118399903178215,150.63959965482354,8.0
1768509076,20,,Aggregated,9.400000,0.000000,31,32,32,33,34,38,41,41,41,41,41,363,0,32,39.31082617337546,28.118399903178215,150.63959965482354,8.0
1768509077,20,GET,/numerical_integral/0.0/3.14159/1000,9.900000,0.000000,31,32,32,32,34,35,38,41,41,41,41,375,0,32,39.05913093686104,28.118399903178215,150.63959965482354,8.0
1768509077,20,,Aggregated,9.900000,0.000000,31,32,32,32,34,35,38,41,41,41,41,375,0,32,39.05913093686104,28.118399903178215,150.63959965482354,8.0
1768509078,20,GET,/numerical_integral/0.0/3.14159/1000,10.000000,0.000000,31,32,32,32,33,38,39,41,41,41,41,385,0,32,38.87409195062015,28.118399903178215,150.63959965482354,8.0
1768509078,20,,Aggregated,10.000000,0.000000,31,32,32,32,33,38,39,41,41,41,41,385,0,32,38.87409195062015,28.118399903178215,150.63959965482354,8.0
1768509079,20,GET,/numerical_integral/0.0/3.14159/1000,9.500000,0.000000,31,32,32,32,33,38,39,41,41,41,41,392,0,32,38.73015714604978,28.118399903178215,150.63959965482354,8.0
1768509079,20,,Aggregated,9.500000,0.000000,31,32,32,32,33,38,39,41,41,41,41,392,0,32,38.73015714604978,28.118399903178215,150.63959965482354,8.0
1768509080,20,GET,/numerical_integral/0.0/3.14159/1000,9.600000,0.000000,31,32,32,32,33,38,41,42,42,42,42,402,0,32,38.57538035018972,28.118399903178215,150.63959965482354,8.0
1768509080,20,,Aggregated,9.600000,0.000000,31,32,32,32,33,38,41,42,42,42,42,402,0,32,38.57538035018972,28.118399903178215,150.63959965482354,8.0
1768509081,20,GET,/numerical_integral/0.0/3.14159/1000,9.500000,0.000000,31,32,32,32,35,39,42,43,43,43,43,412,0,32,38.44955509858549,28.118399903178215,150.63959965482354,8.0
1768509081,20,,Aggregated,9.500000,0.000000,31,32,32,32,35,39,42,43,43,43,43,412,0,32,38.44955509858549,28.118399903178215,150.63959965482354,8.0
1768509082,20,GET,/numerical_integral/0.0/3.14159/1000,9.500000,0.000000,31,32,32,32,35,40,42,43,43,43,43,423,0,32,38.30015366615169,28.118399903178215,150.63959965482354,8.0
1768509082,20,,Aggregated,9.500000,0.000000,31,32,32,32,35,40,42,43,43,43,43,423,0,32,38.30015366615169,28.118399903178215,150.63959965482354,8.0
1768509083,20,GET,/numerical_integral/0.0/3.14159/1000,9.600000,0.000000,31,32,32,32,34,39,42,43,43,43,43,436,0,32,38.10280596264937,28.118399903178215,150.63959965482354,8.0
1768509083,20,,Aggregated,9.600000,0.000000,31,32,32,32,34,39,42,43,43,43,43,436,0,32,38.10280596264937,28.118399903178215,150.63959965482354,8.0
1768509084,20,GET,/numerical_integral/0.0/3.14159/1000,9.300000,0.000000,31,32,32,32,34,39,42,43,43,43,43,441,0,32,38.02776575941685,28.118399903178215,150.63959965482354,8.0
1768509084,20,,Aggregated,9.300000,0.000000,31,32,32,32,34,39,42,43,43,43,43,441,0,32,38.02776575941685,28.118399903178215,150.63959965482354,8.0
1768509085,20,GET,/numerical_integral/0.0/3.14159/1000,9.600000,0.000000,31,32,32,32,34,39,42,43,43,43,43,452,0,32,37.861342477999564,28.118399903178215,150.63959965482354,8.0
1768509085,20,,Aggregated,9.600000,0.000000,31,32,32,32,34,39,42,43,43,43,43,452,0,32,37.861342477999564,28.118399903178215,150.63959965482354,8.0
1768509086,20,GET,/numerical_integral/0.0/3.14159/1000,9.700000,0.000000,31,32,32,32,34,39,42,43,43,43,43,464,0,32,37.70746530238378,28.118399903178215,150.63959965482354,8.0
1768509086,20,,Aggregated,9.700000,0.000000,31,32,32,32,34,39,42,43,43,43,43,464,0,32,37.70746530238378,28.118399903178215,150.63959965482354,8.0
1768509087,20,GET,/numerical_integral/0.0/3.14159/1000,9.300000,0.000000,31,32,32,32,34,37,42,43,43,43,43,474,0,32,37.60204008556431,28.118399903178215,150.63959965482354,8.0
1768509087,20,,Aggregated,9.300000,0.000000,31,32,32,32,34,37,42,43,43,43,43,474,0,32,37.60204008556431,28.118399903178215,150.63959965482354,8.0
1768509088,20,GET,/numerical_integral/0.0/3.14159/1000,9.800000,0.000000,32,32,32,32,36,41,42,43,43,43,43,485,0,32,37.492414022383,28.118399903178215,150.63959965482354,8.0
1768509088,20,,Aggregated,9.800000,0.000000,32,32,32,32,36,41,42,43,43,43,43,485,0,32,37.492414022383,28.118399903178215,150.63959965482354,8.0
1768509089,20,GET,/numerical_integral/0.0/3.14159/1000,9.900000,0.000000,32,32,32,33,36,40,42,43,43,43,43,495,0,32,37.38913111426312,28.118399903178215,150.63959965482354,8.0
1768509089,20,,Aggregated,9.900000,0.000000,32,32,32,33,36,40,42,43,43,43,43,495,0,32,37.38913111426312,28.118399903178215,150.63959965482354,8.0
1768509090,20,GET,/numerical_integral/0.0/3.14159/1000,9.900000,0.000000,31,32,32,33,35,39,41,42,42,42,42,505,0,32,37.26064317149691,28.118399903178215,150.63959965482354,8.0
1768509090,20,,Aggregated,9.900000,0.000000,31,32,32,33,35,39,41,42,42,42,42,505,0,32,37.26064317149691,28.118399903178215,150.63959965482354,8.0
1768509091,20,GET,/numerical_integral/0.0/3.14159/1000,9.900000,0.000000,31,32,32,32,34,37,41,41,41,41,41,515,0,32,37.123223691636206,28.118399903178215,150.63959965482354,8.0
1768509091,20,,Aggregated,9.900000,0.000000,31,32,32,32,34,37,41,41,41,41,41,515,0,32,37.123223691636206,28.118399903178215,150.63959965482354,8.0
1768509092,20,GET,/numerical_integral/0.0/3.14159/1000,10.100000,0.000000,31,32,32,32,34,36,39,41,41,41,41,525,0,32,37.01644781267359,28.118399903178215,150.63959965482354,8.0
1768509092,20,,Aggregated,10.100000,0.000000,31,32,32,32,34,36,39,41,41,41,41,525,0,32,37.01644781267359,28.118399903178215,150.63959965482354,8.0
1768509093,20,GET,/numerical_integral/0.0/3.14159/1000,10.000000,0.000000,31,32,32,32,34,37,41,46,46,46,46,534,0,32,36.94383502146055,28.118399903178215,150.63959965482354,8.0
1768509093,20,,Aggregated,10.000000,0.000000,31,32,32,32,34,37,41,46,46,46,46,534,0,32,36.94383502146055,28.118399903178215,150.63959965482354,8.0
1768509094,20,GET,/numerical_integral/0.0/3.14159/1000,10.300000,0.000000,31,32,32,32,34,37,41,41,46,46,46,546,0,32,36.8408910297335,28.118399903178215,150.63959965482354,8.0
1768509094,20,,Aggregated,10.300000,0.000000,31,32,32,32,34,37,41,41,46,46,46,546,0,32,36.8408910297335,28.118399903178215,150.63959965482354,8.0
1768509095,20,GET,/numerical_integral/0.0/3.14159/1000,10.400000,0.000000,31,32,32,32,34,38,41,41,46,46,46,558,0,32,36.73135394507545,28.118399903178215,150.63959965482354,8.0
1768509095,20,,Aggregated,10.400000,0.000000,31,32,32,32,34,38,41,41,46,46,46,558,0,32,36.73135394507545,28.118399903178215,150.63959965482354,8.0
1768509096,20,GET,/numerical_integral/0.0/3.14159/1000,9.800000,0.000000,31,32,32,32,35,39,41,46,46,46,46,566,0,32,36.66391201702345,28.118399903178215,150.63959965482354,8.0
1768509096,20,,Aggregated,9.800000,0.000000,31,32,32,32,35,39,41,46,46,46,46,566,0,32,36.66391201702345,28.118399903178215,150.63959965482354,8.0
1768509097,20,GET,/numerical_integral/0.0/3.14159/1000,10.300000,0.000000,31,32,32,32,34,38,41,41,46,46,46,578,0,32,36.56344308202061,28.118399903178215,150.63959965482354,8.0
1768509097,20,,Aggregated,10.300000,0.000000,31,32,32,32,34,38,41,41,46,46,46,578,0,32,36.56344308202061,28.118399903178215,150.63959965482354,8.0
1768509098,20,GET,/numerical_integral/0.0/3.14159/1000,10.200000,0.000000,31,32,32,32,35,37,39,46,46,46,46,582,0,32,36.54340086136769,28.118399903178215,150.63959965482354,8.0
1768509098,20,,Aggregated,10.200000,0.000000,31,32,32,32,35,37,39,46,46,46,46,582,0,32,36.54340086136769,28.118399903178215,150.63959965482354,8.0
1768509099,20,GET,/numerical_integral/0.0/3.14159/1000,10.100000,0.000000,31,32,32,32,35,36,39,46,46,46,46,596,0,32,36.44602265499607,28.118399903178215,150.63959965482354,8.0
1768509099,20,,Aggregated,10.100000,0.000000,31,32,32,32,35,36,39,46,46,46,46,596,0,32,36.44602265499607,28.118399903178215,150.63959965482354,8.0
1768509100,20,GET,/numerical_integral/0.0/3.14159/1000,10.400000,0.000000,31,32,32,32,35,36,39,46,46,46,46,606,0,32,36.36131353411983,28.118399903178215,150.63959965482354,8.0
1768509100,20,,Aggregated,10.400000,0.000000,31,32,32,32,35,36,39,46,46,46,46,606,0,32,36.36131353411983,28.118399903178215,150.63959965482354,8.0
1768509101,20,GET,/numerical_integral/0.0/3.14159/1000,9.600000,0.000000,31,32,32,33,35,37,42,46,46,46,46,615,0,32,36.31482374271363,28.118399903178215,150.63959965482354,8.0
1768509101,20,,Aggregated,9.600000,0.000000,31,32,32,33,35,37,42,46,46,46,46,615,0,32,36.31482374271363,28.118399903178215,150.63959965482354,8.0
1768509102,20,GET,/numerical_integral/0.0/3.14159/1000,9.900000,0.000000,32,32,33,33,35,37,42,46,46,46,46,625,0,32,36.24252960160375,28.118399903178215,150.63959965482354,8.0
1768509102,20,,Aggregated,9.900000,0.000000,32,32,33,33,35,37,42,46,46,46,46,625,0,32,36.24252960160375,28.118399903178215,150.63959965482354,8.0
1768509103,20,GET,/numerical_integral/0.0/3.14159/1000,10.100000,0.000000,32,32,33,33,35,36,39,42,42,42,42,635,0,32,36.166312442139144,28.118399903178215,150.63959965482354,8.0
1768509103,20,,Aggregated,10.100000,0.000000,32,32,33,33,35,36,39,42,42,42,42,635,0,32,36.166312442139144,28.118399903178215,150.63959965482354,8.0
1768509104,20,GET,/numerical_integral/0.0/3.14159/1000,10.000000,0.000000,31,32,33,33,34,36,38,42,42,42,42,646,0,32,36.07320371689419,28.118399903178215,150.63959965482354,8.0
1768509104,20,,Aggregated,10.000000,0.000000,31,32,33,33,34,36,38,42,42,42,42,646,0,32,36.07320371689419,28.118399903178215,150.63959965482354,8.0
1768509105,20,GET,/numerical_integral/0.0/3.14159/1000,9.900000,0.000000,31,32,33,33,34,36,41,42,42,42,42,655,0,32,36.02396794132718,28.118399903178215,150.63959965482354,8.0
1768509105,20,,Aggregated,9.900000,0.000000,31,32,33,33,34,36,41,42,42,42,42,655,0,32,36.02396794132718,28.118399903178215,150.63959965482354,8.0
1768509106,20,GET,/numerical_integral/0.0/3.14159/1000,10.100000,0.000000,31,32,32,33,34,36,41,42,42,42,42,665,0,32,35.96120045443339,28.118399903178215,150.63959965482354,8.0
1768509106,20,,Aggregated,10.100000,0.000000,31,32,32,33,34,36,41,42,42,42,42,665,0,32,35.96120045443339,28.118399903178215,150.63959965482354,8.0
1768509107,20,GET,/numerical_integral/0.0/3.14159/1000,10.000000,0.000000,31,32,33,34,35,37,42,49,49,49,49,676,0,32,35.938978405289085,28.118399903178215,150.63959965482354,8.0
1768509107,20,,Aggregated,10.000000,0.000000,31,32,33,34,35,37,42,49,49,49,49,676,0,32,35.938978405289085,28.118399903178215,150.63959965482354,8.0
1768509108,20,GET,/numerical_integral/0.0/3.14159/1000,9.800000,0.000000,31,32,33,33,34,36,41,42,49,49,49,685,0,32,35.8883732868644,28.118399903178215,150.63959965482354,8.0
1768509108,20,,Aggregated,9.800000,0.000000,31,32,33,33,34,36,41,42,49,49,49,685,0,32,35.8883732868644,28.118399903178215,150.63959965482354,8.0
1768509109,20,GET,/numerical_integral/0.0/3.14159/1000,9.900000,0.000000,31,32,33,33,34,37,42,49,49,49,49,693,0,32,35.8372456017844,28.118399903178215,150.63959965482354,8.0
1768509109,20,,Aggregated,9.900000,0.000000,31,32,33,33,34,37,42,49,49,49,49,693,0,32,35.8372456017844,28.118399903178215,150.63959965482354,8.0
1768509110,20,GET,/numerical_integral/0.0/3.14159/1000,9.700000,0.000000,32,32,33,33,34,39,42,49,49,49,49,705,0,32,35.78710511049375,28.118399903178215,150.63959965482354,8.0
1768509110,20,,Aggregated,9.700000,0.000000,32,32,33,33,34,39,42,49,49,49,49,705,0,32,35.78710511049375,28.118399903178215,150.63959965482354,8.0
1768509111,20,GET,/numerical_integral/0.0/3.14159/1000,10.200000,0.000000,32,32,33,33,34,37,41,49,49,49,49,713,0,32,35.745702388070704,28.118399903178215,150.63959965482354,8.0
1768509111,20,,Aggregated,10.200000,0.000000,32,32,33,33,34,37,41,49,49,49,49,713,0,32,35.745702388070704,28.118399903178215,150.63959965482354,8.0
1768509112,20,GET,/numerical_integral/0.0/3.14159/1000,9.700000,0.000000,32,32,33,33,35,38,41,49,49,49,49,723,0,32,35.69615200963155,28.118399903178215,150.63959965482354,8.0
1768509112,20,,Aggregated,9.700000,0.000000,32,32,33,33,35,38,41,49,49,49,49,723,0,32,35.69615200963155,28.118399903178215,150.63959965482354,8.0
1768509113,20,GET,/numerical_integral/0.0/3.14159/1000,9.700000,0.000000,32,32,33,33,36,38,41,49,49,49,49,733,0,32,35.64374557077519,28.118399903178215,150.63959965482354,8.0
1768509113,20,,Aggregated,9.700000,0.000000,32,32,33,33,36,38,41,49,49,49,49,733,0,32,35.64374557077519,28.118399903178215,150.63959965482354,8.0
1768509114,20,GET,/numerical_integral/0.0/3.14159/1000,9.600000,0.000000,32,32,33,33,36,39,42,49,49,49,49,741,0,32,35.604647913125724,28.118399903178215,150.63959965482354,8.0
1768509114,20,,Aggregated,9.600000,0.000000,32,32,33,33,36,39,42,49,49,49,49,741,0,32,35.604647913125724,28.118399903178215,150.63959965482354,8.0
1768509115,20,GET,/numerical_integral/0.0/3.14159/1000,9.600000,0.000000,32,32,33,33,37,39,42,49,49,49,49,754,0,32,35.551271888622594,28.118399903178215,150.63959965482354,8.0
1768509115,20,,Aggregated,9.600000,0.000000,32,32,33,33,37,39,42,49,49,49,49,754,0,32,35.551271888622594,28.118399903178215,150.63959965482354,8.0
1768509116,20,GET,/numerical_integral/0.0/3.14159/1000,9.700000,0.000000,32,32,33,33,37,39,42,49,49,49,49,760,0,32,35.51305908415662,28.118399903178215,150.63959965482354,8.0
1768509116,20,,Aggregated,9.700000,0.000000,32,32,33,33,37,39,42,49,49,49,49,760,0,32,35.51305908415662,28.118399903178215,150.63959965482354,8.0
1768509118,20,GET,/numerical_integral/0.0/3.14159/1000,9.500000,0.000000,31,32,32,33,36,38,40,42,42,42,42,773,0,32,35.44652885438111,28.118399903178215,150.63959965482354,8.0
1768509118,20,,Aggregated,9.500000,0.000000,31,32,32,33,36,38,40,42,42,42,42,773,0,32,35.44652885438111,28.118399903178215,150.63959965482354,8.0
1768509119,20,GET,/numerical_integral/0.0/3.14159/1000,9.700000,0.000000,32,32,33,33,36,39,41,42,42,42,42,781,0,32,35.42061088900064,28.118399903178215,150.63959965482354,8.0
1768509119,20,,Aggregated,9.700000,0.000000,32,32,33,33,36,39,41,42,42,42,42,781,0,32,35.42061088900064,28.118399903178215,150.63959965482354,8.0
1768509120,20,GET,/numerical_integral/0.0/3.14159/1000,9.400000,0.000000,31,32,32,33,36,38,41,42,42,42,42,794,0,32,35.352216881021896,28.118399903178215,150.63959965482354,8.0
1768509120,20,,Aggregated,9.400000,0.000000,31,32,32,33,36,38,41,42,42,42,42,794,0,32,35.352216881021896,28.118399903178215,150.63959965482354,8.0
1768509121,20,GET,/numerical_integral/0.0/3.14159/1000,9.700000,0.000000,31,32,32,33,36,39,42,42,42,42,42,802,0,32,35.332555366457065,28.118399903178215,150.63959965482354,8.0
1768509121,20,,Aggregated,9.700000,0.000000,31,32,32,33,36,39,42,42,42,42,42,802,0,32,35.332555366457065,28.118399903178215,150.63959965482354,8.0
1768509122,20,GET,/numerical_integral/0.0/3.14159/1000,9.600000,0.000000,31,32,32,33,36,39,42,42,42,42,42,811,0,32,35.2977493274888,28.118399903178215,150.63959965482354,8.0
1768509122,20,,Aggregated,9.600000,0.000000,31,32,32,33,36,39,42,42,42,42,42,811,0,32,35.2977493274888,28.118399903178215,150.63959965482354,8.0
1768509123,20,GET,/numerical_integral/0.0/3.14159/1000,9.700000,0.000000,31,32,32,33,36,39,42,42,42,42,42,821,0,32,35.25481242845323,28.118399903178215,150.63959965482354,8.0
1768509123,20,,Aggregated,9.700000,0.000000,31,32,32,33,36,39,42,42,42,42,42,821,0,32,35.25481242845323,28.118399903178215,150.63959965482354,8.0
1768509124,20,GET,/numerical_integral/0.0/3.14159/1000,9.700000,0.000000,31,32,32,33,35,38,41,42,42,42,42,830,0,32,35.21548120798656,28.118399903178215,150.63959965482354,8.0
1768509124,20,,Aggregated,9.700000,0.000000,31,32,32,33,35,38,41,42,42,42,42,830,0,32,35.21548120798656,28.118399903178215,150.63959965482354,8.0
1768509125,20,GET,/numerical_integral/0.0/3.14159/1000,9.700000,0.000000,31,32,33,33,35,38,41,42,42,42,42,840,0,32,35.200025953928986,28.118399903178215,150.63959965482354,8.0
1768509125,20,,Aggregated,9.700000,0.000000,31,32,33,33,35,38,41,42,42,42,42,840,0,32,35.200025953928986,28.118399903178215,150.63959965482354,8.0
1768509126,20,GET,/numerical_integral/0.0/3.14159/1000,9.700000,0.000000,32,32,33,33,36,38,41,42,42,42,42,850,0,32,35.16884235500851,28.118399903178215,150.63959965482354,8.0
1768509126,20,,Aggregated,9.700000,0.000000,32,32,33,33,36,38,41,42,42,42,42,850,0,32,35.16884235500851,28.118399903178215,150.63959965482354,8.0
1768509127,20,GET,/numerical_integral/0.0/3.14159/1000,9.500000,0.000000,31,32,33,33,35,38,41,42,42,42,42,862,0,32,35.11741148683906,28.118399903178215,150.63959965482354,8.0
1768509127,20,,Aggregated,9.500000,0.000000,31,32,33,33,35,38,41,42,42,42,42,862,0,32,35.11741148683906,28.118399903178215,150.63959965482354,8.0
1768509128,20,GET,/numerical_integral/0.0/3.14159/1000,9.600000,0.000000,31,32,33,33,35,38,40,42,42,42,42,871,0,32,35.08670999102902,28.118399903178215,150.63959965482354,8.0
1768509128,20,,Aggregated,9.600000,0.000000,31,32,33,33,35,38,40,42,42,42,42,871,0,32,35.08670999102902,28.118399903178215,150.63959965482354,8.0
1768509129,20,GET,/numerical_integral/0.0/3.14159/1000,9.600000,0.000000,32,32,33,33,35,38,40,42,42,42,42,880,0,32,35.05356125269,28.118399903178215,150.63959965482354,8.0
1768509129,20,,Aggregated,9.600000,0.000000,32,32,33,33,35,38,40,42,42,42,42,880,0,32,35.05356125269,28.118399903178215,150.63959965482354,8.0
1768509130,20,GET,/numerical_integral/0.0/3.14159/1000,10.200000,0.000000,31,32,32,33,35,38,39,40,40,40,40,889,0,32,35.017632511082965,28.118399903178215,150.63959965482354,8.0
1768509130,20,,Aggregated,10.200000,0.000000,31,32,32,33,35,38,39,40,40,40,40,889,0,32,35.017632511082965,28.118399903178215,150.63959965482354,8.0
1768509131,20,GET,/numerical_integral/0.0/3.14159/1000,9.900000,0.000000,31,32,32,33,35,37,39,40,40,40,40,901,0,32,34.98395849288039,28.118399903178215,150.63959965482354,8.0
1768509131,20,,Aggregated,9.900000,0.000000,31,32,32,33,35,37,39,40,40,40,40,901,0,32,34.98395849288039,28.118399903178215,150.63959965482354,8.0
1768509132,20,GET,/numerical_integral/0.0/3.14159/1000,9.500000,0.000000,31,32,33,33,35,37,39,40,40,40,40,913,0,32,34.939859694875736,28.118399903178215,150.63959965482354,8.0
1768509132,20,,Aggregated,9.500000,0.000000,31,32,33,33,35,37,39,40,40,40,40,913,0,32,34.939859694875736,28.118399903178215,150.63959965482354,8.0
1768509133,20,GET,/numerical_integral/0.0/3.14159/1000,9.500000,0.000000,31,32,33,33,35,37,39,40,40,40,40,922,0,32,34.91195509919327,28.118399903178215,150.63959965482354,8.0
1768509133,20,,Aggregated,9.500000,0.000000,31,32,33,33,35,37,39,40,40,40,40,922,0,32,34.91195509919327,28.118399903178215,150.63959965482354,8.0
1768509134,20,GET,/numerical_integral/0.0/3.14159/1000,9.500000,0.000000,31,32,32,33,34,37,39,40,40,40,40,933,0,32,34.88771243336324,28.118399903178215,150.63959965482354,8.0
1768509134,20,,Aggregated,9.500000,0.000000,31,32,32,33,34,37,39,40,40,40,40,933,0,32,34.88771243336324,28.118399903178215,150.63959965482354,8.0
1768509135,20,GET,/numerical_integral/0.0/3.14159/1000,10.000000,0.000000,31,32,32,33,34,37,38,39,39,39,39,945,0,32,34.84602317450538,28.118399903178215,150.63959965482354,8.0
1768509135,20,,Aggregated,10.000000,0.000000,31,32,32,33,34,37,38,39,39,39,39,945,0,32,34.84602317450538,28.118399903178215,150.63959965482354,8.0
1768509136,20,GET,/numerical_integral/0.0/3.14159/1000,10.500000,0.000000,31,32,32,33,34,37,38,39,39,39,39,953,0,32,34.8187627491677,28.118399903178215,150.63959965482354,8.0
1768509136,20,,Aggregated,10.500000,0.000000,31,32,32,33,34,37,38,39,39,39,39,953,0,32,34.8187627491677,28.118399903178215,150.63959965482354,8.0
1768509137,20,GET,/numerical_integral/0.0/3.14159/1000,10.200000,0.000000,31,32,32,33,34,35,37,39,39,39,39,962,0,32,34.788738876647024,28.118399903178215,150.63959965482354,8.0
1768509137,20,,Aggregated,10.200000,0.000000,31,32,32,33,34,35,37,39,39,39,39,962,0,32,34.788738876647024,28.118399903178215,150.63959965482354,8.0
1768509138,20,GET,/numerical_integral/0.0/3.14159/1000,10.200000,0.000000,31,32,32,33,34,35,37,39,39,39,39,972,0,32,34.7560440327152,28.118399903178215,150.63959965482354,8.0
1768509138,20,,Aggregated,10.200000,0.000000,31,32,32,33,34,35,37,39,39,39,39,972,0,32,34.7560440327152,28.118399903178215,150.63959965482354,8.0
1768509139,20,GET,/numerical_integral/0.0/3.14159/1000,9.900000,0.000000,32,32,32,33,34,35,37,39,39,39,39,979,0,32,34.740761389044536,28.118399903178215,150.63959965482354,8.0
1768509139,20,,Aggregated,9.900000,0.000000,32,32,32,33,34,35,37,39,39,39,39,979,0,32,34.740761389044536,28.118399903178215,150.63959965482354,8.0
1768509140,20,GET,/numerical_integral/0.0/3.14159/1000,10.200000,0.000000,32,32,32,33,34,37,37,39,39,39,39,991,0,32,34.70862118995304,28.118399903178215,150.63959965482354,8.0
1768509140,20,,Aggregated,10.200000,0.000000,32,32,32,33,34,37,37,39,39,39,39,991,0,32,34.70862118995304,28.118399903178215,150.63959965482354,8.0
1768509141,20,GET,/numerical_integral/0.0/3.14159/1000,9.700000,0.000000,32,32,32,33,34,35,37,39,39,39,39,1000,0,32,34.681812099181116,28.118399903178215,150.63959965482354,8.0
1768509141,20,,Aggregated,9.700000,0.000000,32,32,32,33,34,35,37,39,39,39,39,1000,0,32,34.681812099181116,28.118399903178215,150.63959965482354,8.0
1768509142,20,GET,/numerical_integral/0.0/3.14159/1000,10.000000,0.000000,32,32,32,32,34,36,38,39,39,39,39,1011,0,32,34.65218031520998,28.118399903178215,150.63959965482354,8.0
1768509142,20,,Aggregated,10.000000,0.000000,32,32,32,32,34,36,38,39,39,39,39,1011,0,32,34.65218031520998,28.118399903178215,150.63959965482354,8.0
1768509143,20,GET,/numerical_integral/0.0/3.14159/1000,10.200000,0.000000,31,32,32,32,33,34,37,38,38,38,38,1023,0,32,34.615239099793335,28.118399903178215,150.63959965482354,8.0
1768509143,20,,Aggregated,10.200000,0.000000,31,32,32,32,33,34,37,38,38,38,38,1023,0,32,34.615239099793335,28.118399903178215,150.63959965482354,8.0
1768509144,20,GET,/numerical_integral/0.0/3.14159/1000,9.900000,0.000000,32,32,32,33,34,37,41,42,42,42,42,1033,0,32,34.61036185796183,28.118399903178215,150.63959965482354,8.0
1768509144,20,,Aggregated,9.900000,0.000000,32,32,32,33,34,37,41,42,42,42,42,1033,0,32,34.61036185796183,28.118399903178215,150.63959965482354,8.0
1768509145,20,GET,/numerical_integral/0.0/3.14159/1000,10.100000,0.000000,32,32,32,33,34,37,41,42,42,42,42,1040,0,32,34.594760672189295,28.118399903178215,150.63959965482354,8.0
1768509145,20,,Aggregated,10.100000,0.000000,32,32,32,33,34,37,41,42,42,42,42,1040,0,32,34.594760672189295,28.118399903178215,150.63959965482354,8.0
1768509146,20,GET,/numerical_integral/0.0/3.14159/1000,10.100000,0.000000,32,32,33,33,35,38,42,42,42,42,42,1053,0,32,34.574493160869324,28.118399903178215,150.63959965482354,8.0
1768509146,20,,Aggregated,10.100000,0.000000,32,32,33,33,35,38,42,42,42,42,42,1053,0,32,34.574493160869324,28.118399903178215,150.63959965482354,8.0
1768509147,20,GET,/numerical_integral/0.0/3.14159/1000,9.600000,0.000000,32,32,32,33,36,38,42,42,42,42,42,1061,0,32,34.549096417082275,28.118399903178215,150.63959965482354,8.0
1768509147,20,,Aggregated,9.600000,0.000000,32,32,32,33,36,38,42,42,42,42,42,1061,0,32,34.549096417082275,28.118399903178215,150.63959965482354,8.0
1768509148,20,GET,/numerical_integral/0.0/3.14159/1000,10.100000,0.000000,31,32,32,33,36,38,42,42,42,42,42,1069,0,32,34.52200776269229,28.118399903178215,150.63959965482354,8.0
1768509148,20,,Aggregated,10.100000,0.000000,31,32,32,33,36,38,42,42,42,42,42,1069,0,32,34.52200776269229,28.118399903178215,150.63959965482354,8.0
1768509149,20,GET,/numerical_integral/0.0/3.14159/1000,9.900000,0.000000,31,32,33,34,41,52,64,67,67,67,67,1083,0,32,34.645826591476315,28.118399903178215,150.63959965482354,8.0
1768509149,20,,Aggregated,9.900000,0.000000,31,32,33,34,41,52,64,67,67,67,67,1083,0,32,34.645826591476315,28.118399903178215,150.63959965482354,8.0
1768509150,20,GET,/numerical_integral/0.0/3.14159/1000,9.600000,0.000000,32,32,34,38,52,54,64,67,67,67,67,1088,0,32,34.716037866875176,28.118399903178215,150.63959965482354,8.0
1768509150,20,,Aggregated,9.600000,0.000000,32,32,34,38,52,54,64,67,67,67,67,1088,0,32,34.716037866875176,28.118399903178215,150.63959965482354,8.0
1768509151,20,GET,/numerical_integral/0.0/3.14159/1000,10.000000,0.000000,32,34,41,43,52,60,64,67,67,67,67,1101,0,32,34.83653714800834,28.118399903178215,150.63959965482354,8.0
1768509151,20,,Aggregated,10.000000,0.000000,32,34,41,43,52,60,64,67,67,67,67,1101,0,32,34.83653714800834,28.118399903178215,150.63959965482354,8.0
1768509152,20,GET,/numerical_integral/0.0/3.14159/1000,9.700000,0.000000,32,36,42,45,52,60,64,67,67,67,67,1109,0,32,34.824706763919274,28.118399903178215,150.63959965482354,8.0
1768509152,20,,Aggregated,9.700000,0.000000,32,36,42,45,52,60,64,67,67,67,67,1109,0,32,34.824706763919274,28.118399903178215,150.63959965482354,8.0
1768509153,20,GET,/numerical_integral/0.0/3.14159/1000,9.800000,0.000000,32,35,42,45,52,60,64,67,67,67,67,1118,0,32,34.79487137712392,28.118399903178215,150.63959965482354,8.0
1768509153,20,,Aggregated,9.800000,0.000000,32,35,42,45,52,60,64,67,67,67,67,1118,0,32,34.79487137712392,28.118399903178215,150.63959965482354,8.0
1768509154,20,GET,/numerical_integral/0.0/3.14159/1000,9.800000,0.000000,32,35,41,43,52,60,64,67,67,67,67,1129,0,32,34.7685665189164,28.118399903178215,150.63959965482354,8.0
1768509154,20,,Aggregated,9.800000,0.000000,32,35,41,43,52,60,64,67,67,67,67,1129,0,32,34.7685665189164,28.118399903178215,150.63959965482354,8.0
1768509155,20,GET,/numerical_integral/0.0/3.14159/1000,9.300000,0.000000,31,33,41,45,52,60,64,67,67,67,67,1140,0,32,34.72807447409682,28.118399903178215,150.63959965482354,8.0
1768509155,20,,Aggregated,9.300000,0.000000,31,33,41,45,52,60,64,67,67,67,67,1140,0,32,34.72807447409682,28.118399903178215,150.63959965482354,8.0
1768509156,20,GET,/numerical_integral/0.0/3.14159/1000,9.600000,0.000000,31,33,41,45,52,60,64,67,67,67,67,1147,0,32,34.70143443785459,28.118399903178215,150.63959965482354,8.0
1768509156,20,,Aggregated,9.600000,0.000000,31,33,41,45,52,60,64,67,67,67,67,1147,0,32,34.70143443785459,28.118399903178215,150.63959965482354,8.0
1768509157,20,GET,/numerical_integral/0.0/3.14159/1000,9.800000,0.000000,31,33,39,43,52,60,64,67,67,67,67,1158,0,32,34.66578022438537,28.118399903178215,150.63959965482354,8.0
1768509157,20,,Aggregated,9.800000,0.000000,31,33,39,43,52,60,64,67,67,67,67,1158,0,32,34.66578022438537,28.118399903178215,150.63959965482354,8.0
1768509158,20,GET,/numerical_integral/0.0/3.14159/1000,9.100000,0.000000,31,32,37,43,52,60,64,67,67,67,67,1167,0,32,34.63707146519714,28.118399903178215,150.63959965482354,8.0
1768509158,20,,Aggregated,9.100000,0.000000,31,32,37,43,52,60,64,67,67,67,67,1167,0,32,34.63707146519714,28.118399903178215,150.63959965482354,8.0
1768509159,20,GET,/numerical_integral/0.0/3.14159/1000,9.600000,0.000000,31,32,32,35,45,52,60,64,64,64,64,1177,0,32,34.61486465608608,28.118399903178215,150.63959965482354,8.0
1768509159,20,,Aggregated,9.600000,0.000000,31,32,32,35,45,52,60,64,64,64,64,1177,0,32,34.61486465608608,28.118399903178215,150.63959965482354,8.0
1768509160,20,GET,/numerical_integral/0.0/3.14159/1000,9.500000,0.000000,31,31,32,32,37,39,54,60,60,60,60,1188,0,32,34.60448594279399,28.118399903178215,150.63959965482354,8.0
1768509160,20,,Aggregated,9.500000,0.000000,31,31,32,32,37,39,54,60,60,60,60,1188,0,32,34.60448594279399,28.118399903178215,150.63959965482354,8.0
1768509161,20,GET,/numerical_integral/0.0/3.14159/1000,9.600000,0.000000,31,31,32,32,35,39,42,42,42,42,42,1195,0,32,34.59113715450322,28.118399903178215,150.63959965482354,8.0
1768509161,20,,Aggregated,9.600000,0.000000,31,31,32,32,35,39,42,42,42,42,42,1195,0,32,34.59113715450322,28.118399903178215,150.63959965482354,8.0
1768509162,20,GET,/numerical_integral/0.0/3.14159/1000,9.700000,0.000000,31,32,32,32,35,38,42,42,42,42,42,1209,0,32,34.5627898257919,28.118399903178215,150.63959965482354,8.0
1768509162,20,,Aggregated,9.700000,0.000000,31,32,32,32,35,38,42,42,42,42,42,1209,0,32,34.5627898257919,28.118399903178215,150.63959965482354,8.0
1768509163,20,GET,/numerical_integral/0.0/3.14159/1000,9.700000,0.000000,31,32,32,32,34,38,42,42,42,42,42,1219,0,32,34.53434610294699,28.118399903178215,150.63959965482354,8.0
1768509163,20,,Aggregated,9.700000,0.000000,31,32,32,32,34,38,42,42,42,42,42,1219,0,32,34.53434610294699,28.118399903178215,150.63959965482354,8.0
1768509164,20,GET,/numerical_integral/0.0/3.14159/1000,9.900000,0.000000,31,32,32,32,35,38,42,42,42,42,42,1226,0,32,34.52815579062064,28.118399903178215,150.63959965482354,8.0
1768509164,20,,Aggregated,9.900000,0.000000,31,32,32,32,35,38,42,42,42,42,42,1226,0,32,34.52815579062064,28.118399903178215,150.63959965482354,8.0
1768509165,20,GET,/numerical_integral/0.0/3.14159/1000,10.100000,0.000000,31,32,32,32,35,38,42,42,42,42,42,1238,0,32,34.50106833579984,28.118399903178215,150.63959965482354,8.0
1768509165,20,,Aggregated,10.100000,0.000000,31,32,32,32,35,38,42,42,42,42,42,1238,0,32,34.50106833579984,28.118399903178215,150.63959965482354,8.0
1768509166,20,GET,/numerical_integral/0.0/3.14159/1000,9.700000,0.000000,31,32,32,33,36,39,42,57,57,57,57,1248,0,32,34.50191041599446,28.118399903178215,150.63959965482354,8.0
1768509166,20,,Aggregated,9.700000,0.000000,31,32,32,33,36,39,42,57,57,57,57,1248,0,32,34.50191041599446,28.118399903178215,150.63959965482354,8.0
1768509167,20,GET,/numerical_integral/0.0/3.14159/1000,9.800000,0.000000,31,32,33,33,38,41,42,57,57,57,57,1258,0,32,34.494293401675186,28.118399903178215,150.63959965482354,8.0
1768509167,20,,Aggregated,9.800000,0.000000,31,32,33,33,38,41,42,57,57,57,57,1258,0,32,34.494293401675186,28.118399903178215,150.63959965482354,8.0
1768509168,20,GET,/numerical_integral/0.0/3.14159/1000,10.000000,0.000000,31,32,32,33,37,41,42,57,57,57,57,1270,0,32,34.45747118098588,28.118399903178215,150.63959965482354,8.0
1768509168,20,,Aggregated,10.000000,0.000000,31,32,32,33,37,41,42,57,57,57,57,1270,0,32,34.45747118098588,28.118399903178215,150.63959965482354,8.0
1768509169,20,GET,/numerical_integral/0.0/3.14159/1000,10.000000,0.000000,31,32,32,33,36,41,42,57,57,57,57,1274,0,32,34.45404356351383,28.118399903178215,150.63959965482354,8.0
1768509169,20,,Aggregated,10.000000,0.000000,31,32,32,33,36,41,42,57,57,57,57,1274,0,32,34.45404356351383,28.118399903178215,150.63959965482354,8.0
1768509170,20,GET,/numerical_integral/0.0/3.14159/1000,10.300000,0.000000,31,32,32,33,35,40,41,57,57,57,57,1288,0,32,34.419936956244854,28.118399903178215,150.63959965482354,8.0
1768509170,20,,Aggregated,10.300000,0.000000,31,32,32,33,35,40,41,57,57,57,57,1288,0,32,34.419936956244854,28.118399903178215,150.63959965482354,8.0
1768509171,20,GET,/numerical_integral/0.0/3.14159/1000,9.900000,0.000000,31,32,32,33,36,40,41,57,57,57,57,1298,0,32,34.401628581623335,28.118399903178215,150.63959965482354,8.0
1768509171,20,,Aggregated,9.900000,0.000000,31,32,32,33,36,40,41,57,57,57,57,1298,0,32,34.401628581623335,28.118399903178215,150.63959965482354,8.0
1768509172,20,GET,/numerical_integral/0.0/3.14159/1000,9.900000,0.000000,31,32,32,33,36,40,41,57,57,57,57,1306,0,32,34.38859930936572,28.118399903178215,150.63959965482354,8.0
1768509172,20,,Aggregated,9.900000,0.000000,31,32,32,33,36,40,41,57,57,57,57,1306,0,32,34.38859930936572,28.118399903178215,150.63959965482354,8.0
1768509173,20,GET,/numerical_integral/0.0/3.14159/1000,9.900000,0.000000,31,32,32,33,35,38,41,57,57,57,57,1315,0,31,34.36658859231683,28.118399903178215,150.63959965482354,8.0
1768509173,20,,Aggregated,9.900000,0.000000,31,32,32,33,35,38,41,57,57,57,57,1315,0,31,34.36658859231683,28.118399903178215,150.63959965482354,8.0
1768509174,20,GET,/numerical_integral/0.0/3.14159/1000,9.500000,0.000000,31,32,32,33,35,38,41,57,57,57,57,1324,0,31,34.34732175162034,28.118399903178215,150.63959965482354,8.0
1768509174,20,,Aggregated,9.500000,0.000000,31,32,32,33,35,38,41,57,57,57,57,1324,0,31,34.34732175162034,28.118399903178215,150.63959965482354,8.0
1768509175,20,GET,/numerical_integral/0.0/3.14159/1000,9.700000,0.000000,31,31,32,32,34,37,41,41,41,41,41,1336,0,31,34.31919737981108,28.118399903178215,150.63959965482354,8.0
1768509175,20,,Aggregated,9.700000,0.000000,31,31,32,32,34,37,41,41,41,41,41,1336,0,31,34.31919737981108,28.118399903178215,150.63959965482354,8.0
1768509176,20,GET,/numerical_integral/0.0/3.14159/1000,9.500000,0.000000,31,31,32,32,33,34,37,41,41,41,41,1341,0,31,34.30691081197136,28.118399903178215,150.63959965482354,8.0
1768509176,20,,Aggregated,9.500000,0.000000,31,31,32,32,33,34,37,41,41,41,41,1341,0,31,34.30691081197136,28.118399903178215,150.63959965482354,8.0
1768509177,20,GET,/numerical_integral/0.0/3.14159/1000,9.700000,0.000000,31,31,32,32,33,34,37,41,41,41,41,1355,0,31,34.27330819044496,28.118399903178215,150.63959965482354,8.0
1768509177,20,,Aggregated,9.700000,0.000000,31,31,32,32,33,34,37,41,41,41,41,1355,0,31,34.27330819044496,28.118399903178215,150.63959965482354,8.0
1768509178,20,GET,/numerical_integral/0.0/3.14159/1000,9.600000,0.000000,31,31,32,32,33,34,37,37,37,37,37,1366,0,31,34.24818125774328,28.118399903178215,150.63959965482354,8.0
1768509178,20,,Aggregated,9.600000,0.000000,31,31,32,32,33,34,37,37,37,37,37,1366,0,31,34.24818125774328,28.118399903178215,150.63959965482354,8.0
1768509179,20,GET,/numerical_integral/0.0/3.14159/1000,9.400000,0.000000,31,31,32,32,33,34,37,44,44,44,44,1375,0,31,34.23540872572498,28.118399903178215,150.63959965482354,8.0
1768509179,20,,Aggregated,9.400000,0.000000,31,31,32,32,33,34,37,44,44,44,44,1375,0,31,34.23540872572498,28.118399903178215,150.63959965482354,8.0
1768509180,20,GET,/numerical_integral/0.0/3.14159/1000,9.600000,0.000000,31,31,32,32,33,34,37,44,44,44,44,1386,0,31,34.209280734422144,28.118399903178215,150.63959965482354,8.0
1768509180,20,,Aggregated,9.600000,0.000000,31,31,32,32,33,34,37,44,44,44,44,1386,0,31,34.209280734422144,28.118399903178215,150.63959965482354,8.0
1768509181,20,GET,/numerical_integral/0.0/3.14159/1000,9.800000,0.000000,31,31,32,32,33,34,37,44,44,44,44,1397,0,31,34.1919599128947,28.118399903178215,150.63959965482354,8.0
1768509181,20,,Aggregated,9.800000,0.000000,31,31,32,32,33,34,37,44,44,44,44,1397,0,31,34.1919599128947,28.118399903178215,150.63959965482354,8.0
1768509182,20,GET,/numerical_integral/0.0/3.14159/1000,10.000000,0.000000,31,31,32,32,33,34,34,44,44,44,44,1405,0,31,34.170703059625794,28.118399903178215,150.63959965482354,8.0
1768509182,20,,Aggregated,10.000000,0.000000,31,31,32,32,33,34,34,44,44,44,44,1405,0,31,34.170703059625794,28.118399903178215,150.63959965482354,8.0
1768509183,20,GET,/numerical_integral/0.0/3.14159/1000,9.800000,0.000000,31,31,32,32,33,34,38,44,44,44,44,1414,0,31,34.156026873906185,28.118399903178215,150.63959965482354,8.0
1768509183,20,,Aggregated,9.800000,0.000000,31,31,32,32,33,34,38,44,44,44,44,1414,0,31,34.156026873906185,28.118399903178215,150.63959965482354,8.0
1768509184,20,GET,/numerical_integral/0.0/3.14159/1000,10.100000,0.000000,31,31,32,32,33,34,38,44,44,44,44,1424,0,31,34.13822169917939,28.118399903178215,150.63959965482354,8.0
1768509184,20,,Aggregated,10.100000,0.000000,31,31,32,32,33,34,38,44,44,44,44,1424,0,31,34.13822169917939,28.118399903178215,150.63959965482354,8.0
1768509185,20,GET,/numerical_integral/0.0/3.14159/1000,9.700000,0.000000,31,31,32,32,34,34,38,44,44,44,44,1436,0,31,34.1157876036174,28.118399903178215,150.63959965482354,8.0
1768509185,20,,Aggregated,9.700000,0.000000,31,31,32,32,34,34,38,44,44,44,44,1436,0,31,34.1157876036174,28.118399903178215,150.63959965482354,8.0
1768509186,20,GET,/numerical_integral/0.0/3.14159/1000,10.000000,0.000000,31,31,32,32,34,34,38,44,44,44,44,1446,0,31,34.096333539283435,28.118399903178215,150.63959965482354,8.0
1768509186,20,,Aggregated,10.000000,0.000000,31,31,32,32,34,34,38,44,44,44,44,1446,0,31,34.096333539283435,28.118399903178215,150.63959965482354,8.0
1768509187,20,GET,/numerical_integral/0.0/3.14159/1000,9.600000,0.000000,31,31,32,33,34,35,41,44,44,44,44,1455,0,31,34.0857485216431,28.118399903178215,150.63959965482354,8.0
1768509187,20,,Aggregated,9.600000,0.000000,31,31,32,33,34,35,41,44,44,44,44,1455,0,31,34.0857485216431,28.118399903178215,150.63959965482354,8.0
1768509188,20,GET,/numerical_integral/0.0/3.14159/1000,9.600000,0.000000,31,31,32,32,34,35,38,41,41,41,41,1463,0,31,34.07176165323977,28.118399903178215,150.63959965482354,8.0
1768509188,20,,Aggregated,9.600000,0.000000,31,31,32,32,34,35,38,41,41,41,41,1463,0,31,34.07176165323977,28.118399903178215,150.63959965482354,8.0
1768509189,20,GET,/numerical_integral/0.0/3.14159/1000,9.700000,0.000000,31,31,32,33,34,35,38,41,41,41,41,1475,0,31,34.04974630355077,28.118399903178215,150.63959965482354,8.0
1768509189,20,,Aggregated,9.700000,0.000000,31,31,32,33,34,35,38,41,41,41,41,1475,0,31,34.04974630355077,28.118399903178215,150.63959965482354,8.0
1768509190,20,GET,/numerical_integral/0.0/3.14159/1000,9.600000,0.000000,31,31,32,32,34,35,38,41,41,41,41,1480,0,31,34.040554863010605,28.118399903178215,150.63959965482354,8.0
1768509190,20,,Aggregated,9.600000,0.000000,31,31,32,32,34,35,38,41,41,41,41,1480,0,31,34.040554863010605,28.118399903178215,150.63959965482354,8.0
1768509191,20,GET,/numerical_integral/0.0/3.14159/1000,9.800000,0.000000,31,31,32,32,34,38,38,41,41,41,41,1492,0,31,34.02624805501585,28.118399903178215,150.63959965482354,8.0
1768509191,20,,Aggregated,9.800000,0.000000,31,31,32,32,34,38,38,41,41,41,41,1492,0,31,34.02624805501585,28.118399903178215,150.63959965482354,8.0
1768509192,20,GET,/numerical_integral/0.0/3.14159/1000,9.600000,0.000000,31,31,32,32,34,38,38,41,41,41,41,1502,0,31,34.00587995775967,28.118399903178215,150.63959965482354,8.0
1768509192,20,,Aggregated,9.600000,0.000000,31,31,32,32,34,38,38,41,41,41,41,1502,0,31,34.00587995775967,28.118399903178215,150.63959965482354,8.0
1768509193,20,GET,/numerical_integral/0.0/3.14159/1000,9.100000,0.000000,31,31,32,32,34,36,38,41,41,41,41,1512,0,31,33.984538820626405,28.118399903178215,150.63959965482354,8.0
1768509193,20,,Aggregated,9.100000,0.000000,31,31,32,32,34,36,38,41,41,41,41,1512,0,31,33.984538820626405,28.118399903178215,150.63959965482354,8.0
1768509194,20,GET,/numerical_integral/0.0/3.14159/1000,9.500000,0.000000,31,31,32,32,34,38,41,44,44,44,44,1520,0,31,33.98001295802379,28.118399903178215,150.63959965482354,8.0
1768509194,20,,Aggregated,9.500000,0.000000,31,31,32,32,34,38,41,44,44,44,44,1520,0,31,33.98001295802379,28.118399903178215,150.63959965482354,8.0
1768509195,20,GET,/numerical_integral/0.0/3.14159/1000,9.600000,0.000000,31,31,32,32,34,38,41,44,44,44,44,1533,0,31,33.95829034272997,28.118399903178215,150.63959965482354,8.0
1768509195,20,,Aggregated,9.600000,0.000000,31,31,32,32,34,38,41,44,44,44,44,1533,0,31,33.95829034272997,28.118399903178215,150.63959965482354,8.0
1768509196,20,GET,/numerical_integral/0.0/3.14159/1000,9.600000,0.000000,31,31,32,32,33,38,41,44,44,44,44,1541,0,31,33.940766382621604,28.118399903178215,150.63959965482354,8.0
1768509196,20,,Aggregated,9.600000,0.000000,31,31,32,32,33,38,41,44,44,44,44,1541,0,31,33.940766382621604,28.118399903178215,150.63959965482354,8.0
1768509197,20,GET,/numerical_integral/0.0/3.14159/1000,9.700000,0.000000,31,31,32,32,33,36,38,44,44,44,44,1549,0,31,33.927894510049796,28.118399903178215,150.63959965482354,8.0
1768509197,20,,Aggregated,9.700000,0.000000,31,31,32,32,33,36,38,44,44,44,44,1549,0,31,33.927894510049796,28.118399903178215,150.63959965482354,8.0
1768509198,20,GET,/numerical_integral/0.0/3.14159/1000,10.000000,0.000000,31,31,32,32,33,35,38,44,44,44,44,1561,0,31,33.906750606813254,28.118399903178215,150.63959965482354,8.0
1768509198,20,,Aggregated,10.000000,0.000000,31,31,32,32,33,35,38,44,44,44,44,1561,0,31,33.906750606813254,28.118399903178215,150.63959965482354,8.0
1768509199,20,GET,/numerical_integral/0.0/3.14159/1000,9.700000,0.000000,31,31,32,32,34,36,38,44,44,44,44,1572,0,31,33.890073916652064,28.118399903178215,150.63959965482354,8.0
1768509199,20,,Aggregated,9.700000,0.000000,31,31,32,32,34,36,38,44,44,44,44,1572,0,31,33.890073916652064,28.118399903178215,150.63959965482354,8.0
1768509200,20,GET,/numerical_integral/0.0/3.14159/1000,9.500000,0.000000,31,31,32,32,34,36,38,44,44,44,44,1579,0,31,33.87920253162825,28.118399903178215,150.63959965482354,8.0
1768509200,20,,Aggregated,9.500000,0.000000,31,31,32,32,34,36,38,44,44,44,44,1579,0,31,33.87920253162825,28.118399903178215,150.63959965482354,8.0
1768509201,20,GET,/numerical_integral/0.0/3.14159/1000,9.600000,0.000000,31,31,32,32,34,35,36,44,44,44,44,1588,0,31,33.86341026305017,28.118399903178215,150.63959965482354,8.0
1768509201,20,,Aggregated,9.600000,0.000000,31,31,32,32,34,35,36,44,44,44,44,1588,0,31,33.86341026305017,28.118399903178215,150.63959965482354,8.0
1768509202,20,GET,/numerical_integral/0.0/3.14159/1000,9.800000,0.000000,31,32,32,32,34,35,36,44,44,44,44,1600,0,31,33.84828349866439,28.118399903178215,150.63959965482354,8.0
1768509202,20,,Aggregated,9.800000,0.000000,31,32,32,32,34,35,36,44,44,44,44,1600,0,31,33.84828349866439,28.118399903178215,150.63959965482354,8.0
1768509203,20,GET,/numerical_integral/0.0/3.14159/1000,10.100000,0.000000,31,32,32,33,34,34,36,36,36,36,36,1612,0,31,33.83151426733409,28.118399903178215,150.63959965482354,8.0
1768509203,20,,Aggregated,10.100000,0.000000,31,32,32,33,34,34,36,36,36,36,36,1612,0,31,33.83151426733409,28.118399903178215,150.63959965482354,8.0
1768509204,20,GET,/numerical_integral/0.0/3.14159/1000,9.600000,0.000000,31,32,32,32,34,34,36,36,36,36,36,1618,0,31,33.822730469387324,28.118399903178215,150.63959965482354,8.0
1768509204,20,,Aggregated,9.600000,0.000000,31,32,32,32,34,34,36,36,36,36,36,1618,0,31,33.822730469387324,28.118399903178215,150.63959965482354,8.0
1768509205,20,GET,/numerical_integral/0.0/3.14159/1000,9.800000,0.000000,31,32,32,32,34,35,36,37,37,37,37,1629,0,31,33.807273479630204,28.118399903178215,150.63959965482354,8.0
1768509205,20,,Aggregated,9.800000,0.000000,31,32,32,32,34,35,36,37,37,37,37,1629,0,31,33.807273479630204,28.118399903178215,150.63959965482354,8.0
1768509206,20,GET,/numerical_integral/0.0/3.14159/1000,10.000000,0.000000,31,32,32,32,34,36,38,40,40,40,40,1640,0,31,33.79726054760196,28.118399903178215,150.63959965482354,8.0
1768509206,20,,Aggregated,10.000000,0.000000,31,32,32,32,34,36,38,40,40,40,40,1640,0,31,33.79726054760196,28.118399903178215,150.63959965482354,8.0
1768509207,20,GET,/numerical_integral/0.0/3.14159/1000,9.700000,0.000000,31,32,32,33,35,37,54,71,71,71,71,1651,0,31,33.81441447512669,28.118399903178215,150.63959965482354,8.0
1768509207,20,,Aggregated,9.700000,0.000000,31,32,32,33,35,37,54,71,71,71,71,1651,0,31,33.81441447512669,28.118399903178215,150.63959965482354,8.0
1768509208,20,GET,/numerical_integral/0.0/3.14159/1000,9.600000,0.000000,31,32,32,33,34,37,54,71,71,71,71,1663,0,31,33.79931370937727,28.118399903178215,150.63959965482354,8.0
1768509208,20,,Aggregated,9.600000,0.000000,31,32,32,33,34,37,54,71,71,71,71,1663,0,31,33.79931370937727,28.118399903178215,150.63959965482354,8.0
1768509209,20,GET,/numerical_integral/0.0/3.14159/1000,9.700000,0.000000,31,32,32,33,34,37,54,71,71,71,71,1673,0,31,33.78679934116409,28.118399903178215,150.63959965482354,8.0
1768509209,20,,Aggregated,9.700000,0.000000,31,32,32,33,34,37,54,71,71,71,71,1673,0,31,33.78679934116409,28.118399903178215,150.63959965482354,8.0
1768509210,20,GET,/numerical_integral/0.0/3.14159/1000,10.200000,0.000000,31,32,32,32,34,38,54,71,71,71,71,1682,0,31,33.776354398766664,28.118399903178215,150.63959965482354,8.0
1768509210,20,,Aggregated,10.200000,0.000000,31,32,32,32,34,38,54,71,71,71,71,1682,0,31,33.776354398766664,28.118399903178215,150.63959965482354,8.0
1768509211,20,GET,/numerical_integral/0.0/3.14159/1000,10.100000,0.000000,31,32,32,32,35,38,54,71,71,71,71,1691,0,31,33.76584748573941,28.118399903178215,150.63959965482354,8.0
1768509211,20,,Aggregated,10.100000,0.000000,31,32,32,32,35,38,54,71,71,71,71,1691,0,31,33.76584748573941,28.118399903178215,150.63959965482354,8.0
1768509212,20,GET,/numerical_integral/0.0/3.14159/1000,9.800000,0.000000,31,32,32,32,35,39,54,71,71,71,71,1701,0,31,33.75917283827981,28.118399903178215,150.63959965482354,8.0
1768509212,20,,Aggregated,9.800000,0.000000,31,32,32,32,35,39,54,71,71,71,71,1701,0,31,33.75917283827981,28.118399903178215,150.63959965482354,8.0
1768509213,20,GET,/numerical_integral/0.0/3.14159/1000,10.000000,0.000000,31,31,32,32,35,39,54,71,71,71,71,1712,0,31,33.73837067607451,28.118399903178215,150.63959965482354,8.0
1768509213,20,,Aggregated,10.000000,0.000000,31,31,32,32,35,39,54,71,71,71,71,1712,0,31,33.73837067607451,28.118399903178215,150.63959965482354,8.0
1768509214,20,GET,/numerical_integral/0.0/3.14159/1000,10.200000,0.000000,31,31,32,32,34,38,43,54,71,71,71,1723,0,31,33.72052280763105,28.118399903178215,150.63959965482354,8.0
1768509214,20,,Aggregated,10.200000,0.000000,31,31,32,32,34,38,43,54,71,71,71,1723,0,31,33.72052280763105,28.118399903178215,150.63959965482354,8.0
